title,points,vintage,type,variety,region_2,region_1,province,country,winery,price,abv,description,taste,acidity,sweetness,tannin,body,cost-effectiveness,image,vivino_url
Brennan Pinot Noir,4.2,2022,Red wine,Pinot Noir,Gibbston,Central Otago,South Island,New Zealand,Brennan,"₩30,887 ",14.00%,"Brennan Pinot Noir is a New Zealand wine from Central Otago, characterized by red and dark fruit notes like cherry and blackberry, often with herbal and spicy undertones of rosemary, clove, and tobacco. It is described as having a refined, fresh, and silky texture with a balance of acidity and fine, elegant tannins, making it a versatile food wine that pairs well with lamb, duck, or charcuterie.","oak, chocolate, tabacco, earthy, mushroom, smoke, plum, blackberry, cherry, pepper",4,1,2,3,3,https://images.vivino.com/thumbs/RvjRHde8RTiCIC50bSiIoA_pb_x960.png,https://www.vivino.com/brennan-pinot-noir/w/1789702?year=2022&price_id=39663843
"Long Barn
Cabernet Sauvignon",3.9,2021,Red wine,Cabernet Sauvignon,Napa Valley,Napa County,California,United States,Long Barn,"₩12,000 ",13.50%,"A fruit-forward and accessible Cabernet Sauvignon from California. It presents ripe aromas of blackberry, dark cherry, and plum with subtle hints of vanilla and spice from oak aging. The palate is medium-bodied with smooth tannins and a clean finish, making it an excellent everyday wine that offers great value.","oak,vanilla, cherry, chocolate, pepper, blackberry, strawberry, leather",3,1,4,5,5,https://images.vivino.com/thumbs/0EEWn_PpTNmJBg4ta4byWQ_pb_x960.png,https://www.vivino.com/long-barn-cabernet-sauvignon/w/7935257?year=2021
"Roche Mazet, Chardonnay",3.4,2024,White wine,Chardonnay,,Pays d'Oc,Vin de pays,France,Roche Mazet,"₩18,990 ",13.00%,"A popular Chardonnay from the Pays d'Oc region in the South of France, known for its consistent quality and value. This wine emphasizes fresh fruit flavors, displaying notes of green apple, pear, and citrus with hints of tropical fruit and white flowers. The palate is crisp and refreshing with a balanced finish.","oak, vanilla, butter, pear, green apple, apple, citrus, lime, lemon, honey, smoke, almond, cream, banana, pineapple, tropical",3,1,1,2,3,https://images.vivino.com/thumbs/oTyU5rIQSBGBqDzVVRJhCQ_pb_x960.png,https://www.vivino.com/fr-roche-mazet-cuvee-speciale-chardonnay/w/2332011?year=2024
Eight Years in the Desert,4.3,2020,Red wine,"Blend (Shiraz/Syrah, Zinfandel, Petite Sirah)",Napa Valley,Napa County,California,United States,Orin Swift,"₩82,442 ",15.70%,"A bold and complex Zinfandel-based blend from cult winemaker Dave Phinney. It unleashes a powerful bouquet of ripe blackberry, raspberry jam, and dark cherry, layered with notes of black pepper, licorice, and sweet oak. The palate is full-bodied, opulent, and velvety, with a long, lingering finish.","blackberry, oak, vanilla, blueberry, plum, chocolate, cherry, tobacco, dark fruit, black fruit, black cherry, jam, dark chocolate, red fruit, raspberry, leather, smoke, earthy, blackcurrant, cassis, fig, cream",2,1,4,5,2,https://images.vivino.com/thumbs/Idmjm47oRtWK85oWJpRjgA_pb_x960.png,https://www.vivino.com/en/orin-swift-eight-years-in-the-desert/w/6044826?year=2020
Toscana Torrione,3.7,2014,Red wine,Sangiovese,,Toscana,Central Italy,Italy,Petrolo,"₩144,274 ",14.00%,"Torrione is the flagship 'Super Tuscan' from Petrolo, made primarily from Sangiovese. The 2014 vintage offers a mature and elegant profile, with aromas of dried cherry, plum, leather, and tobacco, alongside earthy and balsamic notes. The palate is medium to full-bodied with well-integrated tannins and a long, savory finish.","oak, cherry, leather, tobacco, earthy, red fruit, plum, vanilla,",4,1,4,3,3,https://images.vivino.com/thumbs/APqmRLjlQ5mg8spj2LwguA_pb_x960.png,https://www.vivino.com/en/petrolo-toscana-torrione/w/16832?year=2014
Domaine Bernard Prudhon Saint-Aubin 1er Cru Les Castets,4,2018,White wine,Chardonnay,Saint-Aubin,Côte de Beaune,Bourgogne,France,Bernard Prudhon,"₩237,481 ",13.50%,"A Premier Cru white Burgundy from the respected Saint-Aubin appellation. This Chardonnay is elegant and complex, offering aromas of ripe pear, green apple, and citrus, with notes of toasted almond, vanilla, and a distinct flinty minerality. The palate is well-structured with a creamy texture balanced by vibrant acidity.","oak, honey, minerals, butter, pineapple, tropical, lemon, saline, lemon peel, citrus, apple, peach, acacia, orange blossom, prune, raspberry, toast",5,1,1,4,3,https://images.vivino.com/thumbs/GFKUTWaETZy0RjKpOkYEiw_pb_x960.png,https://www.vivino.com/en/bernard-prudhon-saint-aubin-1er-cru-les-murgers-des-dents-de-chien/w/1852780?year=2018
Le C De Calon Ségur,3.9,2019,Red wine,"Blend (Cabernet Sauvignon, Cabernet Franc, Merlot, Petit Verdot)",Saint-Estèphe,Médoc,Bordeaux,France,Château Calon-Ségur,"₩105,851 ",14.50%,"The third wine of the famed Saint-Estèphe estate, Château Calon-Ségur. Crafted to be enjoyed earlier, it offers a glimpse into the estate's terroir. It's a classic Bordeaux blend with notes of blackcurrant, cherry, and cedar, with hints of earth and spice. The palate is medium-bodied with smooth tannins and a fresh, balanced finish.","cedar, vanilla, oak, pepper",4,1,4,4,4,https://images.vivino.com/thumbs/itnqleKxQGqvX8evEnOHSg_pb_x960.png,https://www.vivino.com/en/chateau-calon-segur-le-c-de-calon-segur-saint-estephe-saint-estephe-red-wine/w/11283752?year=2019
Château Le Reysse,4.1,2010,Red wine,"Blend (Malbec, Merlot, Cabernet Sauvignon)",,Médoc,Bordeaux,France,Château le Reysse,"₩105,851 ",13.50%,"A Cru Bourgeois from the Médoc, this wine from the 2010 vintage is now fully mature. A blend of Merlot and Cabernet Sauvignon, it displays complex, developed aromas of dried black fruits, cassis, tobacco leaf, and forest floor. The palate is medium-bodied with resolved, supple tannins and a savory, lingering finish.","leather, oak, cassis, tobacco, plum, stone, graphite, cherry,",3,1,3,4,4,https://images.vivino.com/thumbs/j4s6ImUnQwOJgFUaV2EPqg_pb_x960.png,https://www.vivino.com/en/le-reysse-medoc/w/2131903?year=2010
Brunel de La Gardine,4,2021,Red wine,"Blend (Mourvedre, Shiraz/Syrah, Grenache)",Côtes-du-Rhône,Southern Rhône,Rhone Valley,France,Brunel de la Gardine,"₩17,000 ",14.00%,"From a well-known Châteauneuf-du-Pape producer, this is their accessible Côtes-du-Rhône. A classic Southern Rhône blend of Grenache, Syrah, and Mourvèdre, it features aromas of ripe raspberry, black cherry, and licorice, with a touch of pepper. The palate is medium to full-bodied with smooth tannins and a generous, warming finish.","plum, cherry, eathy, blackberry, leather, pepper, balck fruit, strawberry, raspberry, vanilla, oak, cheese",3,1,4,4,4,https://images.vivino.com/thumbs/J8yEo-JCQ3ieemdR7psjyA_pb_x960.png,https://www.vivino.com/en/brunel-de-la-gardine-cotes-du-rhone/w/1171835?year=2021
Innisfree Cabernet Sauvignon,4.1,2019,Red wine,Cabernet Sauvignon,Napa Valley,Napa County,California,United States,Joseph Phelps Vineyards,"₩39,000 ",14.50%,"Crafted by the team behind the iconic Joseph Phelps Insignia, this wine is made with the same meticulous care. It offers inviting aromas of black cherry, blackberry, and cassis, complemented by notes of vanilla, spice, and a hint of mocha. The palate is full-bodied and well-structured with velvety tannins and a long, satisfying finish.","oak, vanilla, blackberry, plum, cherry, chocolate, leather, pepper, cheese, violet",3,1,4,5,5,https://images.vivino.com/thumbs/SKnVSg1hR3GD2RXpODBuPw_pb_x960.png,https://www.vivino.com/en/joseph-phelps-vineyards-innisfree-cabernet-sauvignon/w/1666548?year=2019
Frank Family Vineyards Cabernet Sauvignon,4.5,2015,Red wine,Cabernet Sauvignon,Napa Valley,Napa County,California,United States,Frank Family,"₩83,657 ",14.50%,"The 2015 Cabernet Sauvignon is gracious and medium in body, with good energy and fine balance, especially for an appellation-level wine. Sweet red cherry and floral notes are nicely lifted in this mid-weight, open-knit Cabernet.","oak, vanilla, chocolate, tobacco, leather, earthy, blackberry, plum, black cherry, cassis, cherry, raspberry, pepper",3,1,5,5,2,"https://assets.wine.com/winecom/image/upload/c_fit,q_auto:good,fl_progressive/vmc77eftrzje5nby79p5.jpg",https://www.wine-searcher.com/find/frank+fmly+cab+sauv+napa+valley+county+north+coast+california+usa/2015/south+korea
"Domaine Vincent Latour
Volnay 'Cuvée Nathan'",4.1,2020,Red wine,Pinot Noir,Volnay,Côte de Beaune,Bourgogne,France,Domaine Vincent Latour,"₩141,984 ",13.00%,"A village-level Volnay known for its elegance. This Pinot Noir expresses delicate red fruit (red cherry, raspberry), earthy notes (forest floor, mushroom), and subtle hints of spice from oak aging. The palate is silky and refined with fine-grained tannins and a persistent, mineral-driven finish, embodying the classic finesse of the Volnay appellation.","red cherry, red fruit, cherry, eathy, forest floor, leather, mushroom, blueberry, boysenberry, fennel, nectarine",5,1,2,3,2,https://d2uqzpf6d2kb73.cloudfront.net/eyJidWNrZXQiOiJzcGluZS1wcm9kdWN0LWltYWdlcy1wcm9kIiwia2V5IjoiY2Q3YzA4NmUtNmQ5OC00NDNkLThiNzMtNjc4NjFiYTUzY2EzLnBuZyIsImVkaXRzIjp7InJlc2l6ZSI6eyJoZWlnaHQiOjgwMH0sInRyaW0iOjAuMX19,https://www.vivino.com/en/vincent-latour-volnay-cuvee-nathan/w/1929877?year=2020
"Tommasi
I Pianeti Valpolicella",3.5,2020,Red wine,"Blend (Corvinone, Rondinella, Molinara)",Valpolicella,Veneto,Northern Italy,Italy,Tommasi,"₩42,650 ",12.00%,"This wine is a quintessential expression of Valpolicella Classico from the renowned Tommasi family. Crafted from a traditional blend, it is designed to be fresh and approachable. The wine opens with a vibrant bouquet of fresh red fruits, showcasing prominent notes of cherry, raspberry, and strawberry, complemented by subtle hints of spice like licorice and cinnamon.","red fruit, strawberry, bing cherry, cherry, red cherry, licorice, cinnamon, black cherry, plum, iron, lemon peel,",4,1,2,2,4,https://www.keumyang.com/mall/shop_image_new/202105/2_1620704101_TommasiIPianetiValpolicellaDOC_1620704101.png,https://www.vivino.com/en/tommasi-i-pianeti-valpolicella/w/7696750?year=2020
"Clos du Val 
Red Blend",4,2021,Red wine,"Blend (Malbec, Petit Verdot, Cabernet Sauvignon)",Napa Valley,Napa County,California,United States,Clos du Val,"₩59,900 ",14.50%,"A Napa Valley blend aiming for approachability and fruit-forward character. It is a vibrant and juicy wine, leading with aromas of ripe red fruits like cherry, raspberry, and strawberry. The palate is smooth and medium-bodied with soft tannins, making it an easy-drinking wine that captures the generous fruit character of Napa Valley in an accessible style.","cherry, raspberry, strawberry",3,1,4,5,3,https://images.vivino.com/thumbs/El36QH7cQsGISgT2vALdiQ_pb_x960.png,https://www.vivino.com/en/clos-du-val-red-blend-napa-valley-red-wine-v-zqxjc/w/11454427?year=2021
"La Spinetta
Langhe Nebbiolo",4,2022,Red wine,Nebbiolo,Langhe,Piemonte,Northern Italy,Italy,La Spinetta,"₩30,941 ",14.00%,"La Spinetta's Langhe Nebbiolo is designed as an approachable introduction to the noble grape. It offers classic aromas of cherry, raspberry, and rose petals, with underlying notes of tar and earth. The palate is medium-bodied with the grape's signature firm tannins and bright acidity, leading to a long and savory finish that can be enjoyed in its youth.","cherry, red fruit, raspberry, strawberry, oak, tobacco, vanilla, leather, earthy, tar, plum, blackcurrant, blackberry, pepper, licorice, violet, dried fruit, cheese, tomato, orange",5,1,4,4,4,https://images.vivino.com/thumbs/2sUdQSK-TyiZaBr6O-Jd1w_pb_x960.png,https://www.vivino.com/en/la-spinetta-langhe-nebbiolo/w/15194?year=2022
Beaujolais-Villages Nouveau,3.8,2023,Red wine,Gamay,,Beaujolais-Villages,Beaujolais,France,Joseph Drouhin,"₩45,000 ",12.50%,"Released just weeks after harvest, this wine celebrates the new vintage. Made from Gamay using carbonic maceration, it is exceptionally fresh and fruity. It bursts with exuberant aromas of ripe strawberry, raspberry, and cherry, famously accompanied by notes of banana. The palate is light and juicy with virtually no tannins, meant to be drunk young and chilled.","strawberry, cherry, raspberry, banana, cream, plum, violet",4,1,1,1,5,https://images.vivino.com/thumbs/OkaM4ieYTUKC8kuJgiEc0A_pb_x960.png,https://www.vivino.com/en/joseph-drouhin-beaujolais-villages-nouveau/w/1268266?year=2023
Produttori del Barbaresco,4.2,2018,Red wine,Nebbiolo,Barbaresco,Piemonte,Northern Italy,Italy,Produttori del Barbaresco,"₩56,000 ",14.50%,"This is the benchmark Barbaresco from the famed cooperative, made from 100% Nebbiolo. The 2018 vintage offers classic aromas of red cherry, rose petals, and licorice, with developing notes of leather, tar, and tobacco. The palate is elegant yet powerful, with firm tannins and high acidity, showcasing the grace and complexity of the Barbaresco terroir.","cherry, red fruit, strawberry, raspberry, leather, earthy, tar, tobacco, oak, vanilla, licorice, black cherry, violet, raisin, orange",5,1,5,5,3,https://images.vivino.com/thumbs/LVmJJ4cBREabyoW9fVB1JA_pb_x960.png,https://www.vivino.com/en/produttori-del-barbaresco-barbaresco/w/19265?year=2018
Domaine du Bouchot Pouilly-Fumé Caillottes,4.2,2021,White wine,Sauvignon Blanc,Pouilly-Fumé,Upper Loire,Loire Valley,France,Domaine du Bouchot,"₩80,117 ",13.00%,"Caillottes' refers to the stony, limestone-rich soils this Sauvignon Blanc is grown on, which imparts a distinct minerality. It presents a precise bouquet of citrus fruits, green apple, and gooseberry, with the appellation's signature notes of flint and gun smoke. The palate is crisp and dry, with a zesty acidity and a long, stony finish.","pear, green apple, citrus, lemon, stone, gooseberry, cream",5,1,1,2,4,https://images.vivino.com/thumbs/WBBwVt13Rl-Kvx8q8otKbQ_pb_x960.png,https://www.vivino.com/en/domaine-du-bouchot-caillottes-pouilly-fume/w/9587126?year=2021
Franceschi Brunello di Montalcino Il Poggione,4.2,2017,Red wine,Sangiovese,Brunello di Montalcino,Toscana,Central Italy,Italy,Tenuta Il Poggione,"₩86,428 ",14.50%,"A classic Brunello di Montalcino from a warm vintage. Made from 100% Sangiovese, it reveals a complex nose of ripe red and black cherries, plum, leather, and tobacco, with hints of licorice and balsamic. The palate is full-bodied, powerful, and well-structured with firm, mature tannins and a long, savory finish.","tobacco, oak, vanilla, leather, earthy, smoke, cherry, red fruit, red cherry, plum, black cherry, black berry, licorice, prune, violet",5,1,5,5,3,https://images.vivino.com/thumbs/YdGxAwoiQA6XsyP7Rpg_Vw_pb_x960.png,https://www.vivino.com/en/tenuta-il-poggione-brunello-di-montalcino/w/22175?year=2017
Connétable Talbot Saint-Julien,4.1,2018,Red wine,"Blend(Cabernet Sauvignon, Merlot)",Saint-Julien,Médoc,Bordeaux,France,Château Talbot,"₩45,000 ",14.00%,"As the second wine of Château Talbot, this offers a classic Saint-Julien experience. A blend of Cabernet Sauvignon and Merlot, it displays aromas of blackcurrant and blackberry with notes of tobacco and earth. The palate is medium to full-bodied with well-integrated tannins, making it more approachable in its youth than the Grand Vin.","blackcurrant, blackberry, oak, vanilla, tobacco, leather, earthy, cherry, raspberry, pepper, violet,",4,1,4,4,3,https://images.vivino.com/thumbs/RL-LE-8tR6CLk9nyncjDVw_pb_x960.png,https://www.vivino.com/en/chateau-talbot-connetable-talbot-saint-julien/w/1137679?year=2018
Héritages Vieilles Vignes Côtes du Rhône,3.9,2020,Red wine,"Blend(Shiraz/Syrah, Grenache, Mourvedre)",Côtes-du-Rhône,Southern Rhône,Rhone Valley,France,Ogier,"₩163,504 ",14.50%,"Sourced from old vines ('Vieilles Vignes'), this wine offers greater concentration. A classic blend of Grenache, Syrah, and Mourvèdre, it is rich with flavors of dark fruits like blackberry and plum, layered with notes of black pepper, garrigue (wild herbs), and a hint of leather. The palate is full-bodied and robust with ripe tannins.","black fruit, blackberry, earthy, leather, oak, pepper, cherry, cheese",3,1,3,4,5,https://images.vivino.com/thumbs/uW66oY7iTTOkK1BLRbSptg_pb_x600.png,https://www.vivino.com/en/ogier-heritages-vieilles-vignes-cotes-du-rhone/w/2702026?year=2020
Domaine Yvon & Laurent Vooc Chablis Vieilles Vignes,4,2019,White wine,Chardonnay,,Chablis,Bourgogne,France,Domaine Yvon & Laurent Vocoret,"₩52,158 ",13.00%,"This 'Vieilles Vignes' (old vines) Chablis delivers enhanced depth and concentration. It showcases the classic Chablis profile of green apple, lemon, and a pronounced minerality reminiscent of crushed oyster shells and flint. The old vines contribute a richer texture and greater complexity, leading to a long and precise finish.","butter, oak, vanilla, caramel, pineapple, tropical, apple, green apple, melon, peach, minerals,",5,1,1,3,3,https://bottleofitaly.com/cdn/shop/files/Chablis-Homme-Mort-Yvon-bottle-of-italy_grande.jpg?v=1726829200,https://www.vivino.com/en/domaine-yvon-laurent-vocoret-vieilles-vignes-chablis/w/8743523?year=2019
Le Petit Clos APALTA,4.3,2019,Red wine,Carménère,Colchagua Valley,Rapel Valley,Central Valley,Chile,Clos Apalta,"₩82,904 ",14.50%,"The second wine of the iconic Clos Apalta, this Carménère-dominant blend is sourced from the same exceptional terroir. It offers a rich and complex profile of ripe blackberry and plum, woven with notes of cedar, tobacco, chocolate, and a hint of bell pepper. The palate is full-bodied and opulent with velvety tannins and a persistent finish.","oak, vanilla, tobacco, chocolate, cedar, blackberry, plum, blackcurrant, black fruit, cassis, leather, earty, pepper, licorice, cherry, red fruit, bell pepper, violet, toast, cream, prune",3,1,4,4,2,https://images.vivino.com/thumbs/b45W9uo8SG20kGI1iEAACQ_pb_x960.png,https://www.vivino.com/en/clos-apalta-le-petit-clos/w/5498086?year=2019
Joseph Faiveley Bourgogne Pinot Noir 'F. de Faiveley',3.7,2020,Red wine,Pinot Noir,,,Bourgogne,France,Domaine Faiveley,"₩102,190 ",13.00%,"A regional Bourgogne from a respected producer, this Pinot Noir is crafted for accessibility and charm. It features a lovely bouquet of fresh red fruits like strawberry, cherry, and raspberry, with subtle earthy undertones. On the palate, it is light to medium-bodied with silky tannins, bright acidity, and a clean, elegant finish.","strawberry, cherry, raspberry, oak, vanilla, eathy, mushroom, licorice, tomato leaf",4,1,2,2,3,https://images.vivino.com/thumbs/UdqOaGHaQd6mGIK6R6Hz9g_pb_x600.png,https://www.vivino.com/en/domaine-faiveley-f-de-faiveley-bourgogne-pinot-noir/w/6999236?year=2020
Remelluri Rioja Reserva,4.2,2013,Red wine,"Blend(85% Tempranillo, 10% Garnacha, 5% Graciano)",,,Rioja,Spain,Remelluri,"₩87,908 ",14.00%,"From a single-estate winery, this Reserva is a benchmark for traditional, terroir-driven Rioja. The 2013 vintage shows developed, complex aromas of dried cherry, plum, leather, tobacco, and balsamic notes. The palate is medium-bodied and elegant, with beautifully resolved tannins, savory depth, and a long, mineral-inflected finish.","oak, vanilla, tobacco, chocolate, cedar, blackberry, plum, black cherry, black fruit, leather, earty, smoke, cherry, red fruit, raspberry, licorice, pepper, prune, violet, cheese, toast,",4,1,4,4,3,https://images.vivino.com/thumbs/2JhvspTuS9mMHgL0WygQEw_pb_x600.png,https://www.vivino.com/en/remelluri-rioja-reserva/w/89013?year=2013
Duckhorn Vineyards Napa Valley Cabernet Sauvignon,4.5,2019,Red wine,Cabernet Sauvignon,Napa Valley,Napa County,California,United States,Duckhorn,"₩249,845 ",14.50%,"A benchmark Napa Valley Cabernet Sauvignon, this wine is luxurious and complex. It offers alluring aromas of ripe blackberry, cassis, and plum, interwoven with notes of vanilla, tobacco, and cocoa from French oak aging. The palate is full-bodied, rich, and layered, with plush, velvety tannins and a long, elegant finish.","oak, vanilla, tobacco, blackberry, plum, dark fruit, leather, earty, cherry, red fruit, licorice, green bell pepper",3,1,5,5,2,https://images.vivino.com/thumbs/OcGmv8oLSrCyyF4MeJcqqg_pb_x600.png,https://www.vivino.com/en/duckhorn-patzimaro-vineyard-cabernet-sauvignon/w/1106211?year=2019
Cuvelier Los Andes Grand Vin,4.3,2010,Red wine,"Blend(Shiraz/Syrah, Cabernet Sauvignon, Malbec, Petit Verdot)",,,Mendoza,Argentina,Cuvelier Los Andes,"₩123,434 ",15.00%,"The flagship wine from this Mendoza estate. A Malbec-dominant blend, the mature 2010 vintage reveals a deep bouquet of blackberry and dark plum, with developed notes of leather, tobacco, and earthy undertones. On the palate, it is full-bodied, dense, and powerful, with well-integrated tannins and a very long, persistent finish.","oak, vanilla, tobacco, chocolate, blackberry, plum, dark fruit, leather, earty, smoke, pepper, licorice, cherry, raspberry, violet, prune, hazelnut",3,1,4,5,3,https://images.vivino.com/thumbs/1vlsZIS1R6yi6qQZfIPhIQ_pb_x600.png,https://www.vivino.com/en/cuvelier-los-andes-grand-vin/w/24984?year=2010
Alba de Domus,4.1,2019,Red wine,Cabernet Sauvignon,,Maipo Valley,Central Valley,Chile,Quebrada de Macul,"₩48,544 ",14.90%,"Alba De Domus is a complex wine, fruit abundant, full-bodied¸ and the whole underlined by a menthol touch. Alba de Domus will fulfill the wishes of anyone looking for a distinguished wine.","oak, chocolate, tobacco, vanilla, cedar, coffee, blackcurrant, plum, blackberry, black fruit, cassis, black cherry, leather, smoke, balsamic, earthy, mushroom, forest floor, pepper, mint, licorice, eucalyptus, menthol, savory, cherry, raspberry, red fruit, strawberry, pomegranate, red cherry",3,1,4,5,3,https://images.vivino.com/thumbs/-dkwSWBOR7O4aCfi5QcNPg_pb_x960.png,https://www.vivino.com/en/quebrada-de-macul-alba-de-domus/w/1105375?ref=nav-search
Beaujolais Nouveau,3.5,2024,Red wine,Gamay,,Beaujolais Nouveau,Beaujolais,France,Georges Duboeuf,"₩40,685 ",13.00%,"The first wine of the harvest from Beaujolais, France. Shiny blueberry color. Intensely fruity with flavors of black fruits such as black currant and ripe black cherries. Generous, soft and silky, it gives an impression of sweetness that coats the palate. The finish is subtle and fresh. Simply superb !","strawberry, cherry, raspberry, red fruit, cranberry, red cherry, banana, cream, cheese, yeast, yogurt, fresh bread, blueberry, plum, blackberry, jam, black cherry, blackcurrant, bubblegum, tropical, pineapple, kiwi, mango, papaya, vanilla, cola, chocolate, oak, caramel, butter",4,1,1,1,5,https://images.vivino.com/thumbs/AfWLCQvGTQ6OqRzy-li1jA_pb_x960.png,https://www.vivino.com/en/georges-duboeuf-beaujolais-nouveau/w/3889282?ref=nav-search
Treana Chardonnay,4.1,2020,White wine,Chardonnay,,Central Coast,California,United States,Treana,"₩48,544 ",14.50%,"It has a pale-straw color and aromas of candied pineapple, mandarin, stone fruits, and butterscotch. On the palate, vibrant fruit flavors of lemon curd, white peach compote, grilled pineapple and citrus are softened by creamy flavors of marzipan and creme brulee. A silky texture is complimented with mouthwatering acidity and a touch of toasted oak on the finish.","butter, oak, vanilla, caramel, butterscotch, creme brulee, peach, pear, apple, apricot, green apple, stone fruit, white peach, pineapple, tropical, grilled pineapple, guava, mango, cream, banana, cheese, lemon curd, oil, campfire, citrus, lemon, lemon zest, grapefruit, lime, orange, honey, minerals, stone, smoke, mushroom, earthy, papaya",2,1,1,4,4,https://images.vivino.com/thumbs/hgqmrwP6T7KcI0-qJ2avZw_pb_x960.png,https://www.vivino.com/en/treana-winery-chardonnay/w/3204784?ref=nav-search
Tenet Wines The Pundit,3.9,2020,Red wine,Shiraz/Syrah,,Columbia Valley,Washington,United States,Tenet Wines,"₩30,000 ",14.50%,"The color is deep purple with ruby highlights. Ripe cherry and plum aromas are complemented by smoky cocoa and cola, and highlighted by traces of citrus blossom and lemon. A very smooth mouthfeel glides into a long silky finish with flavors of red cherry and blackberry, hints of toasted vanilla.","plum, blackberry, blueberry, dark fruit, black cherry, black fruit, oak, vanilla, tobacco, chocolate, cola, baking spice, smoke, leather, earthy, cocoa, mushroom, game",3,1,3,5,4,https://images.vivino.com/thumbs/4S546iHKQY-NeFqfIVhdtA_pb_x960.png,https://www.vivino.com/en/tenet-wines-the-pundit/w/3491687?ref=nav-search
Château Grandchemin Monplaisir Saint-Estèphe,3.7,2019,Red wine,"Blend(Cabernet Sauvignon, Merlot)",Saint-Estèphe,Médoc,Bordeaux,France,Château Grandchemin Monplaisir,"₩71,661 ",13.00%,Attractive deep and vivid red colour. Fine on the nose with notes of ripe fruit combined with vanilla and toasty flavours. Full on the palate with a good balance between fruit and oak. Good length.,"oak, vanilla, tobacco, cedar, coffee, caramel, black cherry, dark fruit, black fruit, plum, cassis, blackberry, blueberry, cherry, cranberry, raspberry, red currant, red fruit, pomegranate",4,1,4,4,4,https://images.vivino.com/thumbs/hinPN3KhSzWeqvPA1sCQxA_pb_x600.png,https://www.vivino.com/en/grandchemin-monplaisir-saint-estephe/w/1156720?ref=nav-search
Atalaya Alaya Tierra,4.4,2020,Red wine,Grenache,,Almansa,Castilla,Spain,Atalaya,"₩43,900 ",16.00%,"Alaya Tierra is a red wine that stands out for its subtle maturity and robust body. On the nose, it presents aromas of dark fruits such as blackberry and plum, accompanied by notes of vanilla and spices derived from its time in the barrel. On the palate, it is juicy and well-structured, with smooth tannins that lend elegance. Its finish is persistent, leaving a pleasant sensation of freshness. A wine that reflects the richness of its terroir and the dedication in its production.","oak, vanilla, chocolate, tobacco, dark chocolate, coffee, blackberry, black fruit, plum, dark fruit, blackcurrant, blueberry, leather, smoke, earthy, cocoa, minerals, tar, balsamic",2,1,4,5,3,https://images.vivino.com/thumbs/tMjxEcJZS8-W9Sa16npb-Q_pb_x600.png,https://www.vivino.com/en/atalaya-almansa-alaya-tierra-almansa/w/3772025?ref=nav-search
Feudi di San Gregorio Falanghina,3.8,2003,White wine,Falanghina,Sannio,Campania,Southern Italy,Italy,Feudi di San Gregorio,"₩106,336 ",13.00%,"The color is straw yellow that contains brilliant green reflections. The perfume is intense and persistent with sensations of delicate white flowers and fruit. The taste offers freshness and balance, with a clean finish.","citrus, lemon, grapefruit, lime, lemon zest, orange, pear, apple, peach, green apple, apricot, melon, minerals, honey, stone, saline, earthy, salt",4,1,1,2,5,https://images.vivino.com/thumbs/kmL4UWsQSo-W49IwaZUSbw_pb_x600.png,https://www.vivino.com/en/feudi-di-san-gregorio-falanghina/w/5093?ref=nav-search
OrnellaiaLe Volte,4,2020,Red wine,"Blend(Cabernet Sauvignon, Merlot, Sangiovese)",,Toscana,Central Italy,Italy,Ornellaia,"₩64,726 ",13.50%,"Intense ruby red in color, the nose has lively notes of red fruits and rose petals; in the mouth it is full and enveloping, characterized by a dense tannic texture and a vibrant acidity that make it a wine of great pleasure and drinkability.","oak, vanilla, tobacco, chocolate, cedar, coffee, blackberry, plum, blackcurrant, black fruit, dark fruit, blueberry, cherry, red fruit, raspberry, strawberry, red cherry, sour cherry",4,1,4,4,3,https://images.vivino.com/thumbs/HzBJnT2mQq6YVNB6KQ1S6Q_pb_x600.png,https://www.vivino.com/en/ornellaia-le-volte-tuscany/w/1480684?ref=nav-search
Cousiño-Macul Lota,4.5,2019,Red wine,"Blend(Carbenet Sauvignon, Merlot)",,Maipo Valley,Central Valley,Chile,Cousiño-Macul,"₩230,239 ",14.00%,"Deep purple in color with yellowish notes. In the nose, ripe black fruits, especially blackberries, plums and figs, and flower aromas, such as violets and oak. In the mouth very strong, with medium-high acidity, very fruity with persistent tannins. The finish is very long and round.","oak, tobacco, vanilla, chocolate, cedar, cigar box, blackberry, plum, cassis, black fruit, blackcurrant, blueberry, dark fruit, jam, black cherry, black plum, blackberry jam, plum sauce, mulberry, ripe blackberry, spiced plum, leather, cocoa, earthy, smoke, mushroom, truffle, balsamic, minerals, game, graphite, honey, tar, black truffle, cured meat, exotic spice, forest floor, grilled meat, ground coffee, iron, pencil lead",3,1,5,5,2,https://images.vivino.com/thumbs/mQ3msQFTTlypHhmXvvg9XQ_pb_x600.png,https://www.vivino.com/en/cousino-macul-lota/w/48314?ref=nav-search
Tommasi I Pianeti Valpolicella,3.6,2020,Red wine,"Blend(Corvinone, Rodinella, Molinara)",Valpolicella,Veneto,Northern Italy,Italy,Tommasi,"₩43,033 ",12.00%,"This wine is a quintessential expression of Valpolicella Classico from the renowned Tommasi family, one of the most historic producers in the region. Crafted from the traditional grape blend of Corvinone, Rondinella, and Molinara, it is designed to be fresh, fruity, and approachable. The wine opens with a vibrant bouquet of fresh red fruits, showcasing prominent notes of cherry, raspberry, and strawberry. These bright fruit flavors are complemented by subtle hints of spice, such as licorice and cinnamon, which add a layer of complexity. On the palate, it is light to medium-bodied with bright acidity and smooth tannins, making it a versatile and highly enjoyable wine that is perfect for pairing with a wide variety of dishes.","red fruit, strawberry, bing cherry, cherry, red cherry, raspberry, licorice, cinnamon, black cherry, plum",4,1,2,2,4,https://m.keumyang.com/mall/shop_image_new/202105/2_1620704101_TommasiIPianetiValpolicellaDOC_1620704101.png,https://www.vivino.com/en/tommasi-i-pianeti-valpolicella/w/7696750?ref=nav-search
Brancaia Chianti Classico Riserva,4,2020,Red wine,Sangiovese,Cianti,Toscana,Central Italy,Italy,Brancaia,"₩76,284 ",14.00%,"It has blackberry, blueberry and anise aromas. Upfront, fruit flavors are of luscious, ripe strawberry and blackberry. Further back on the palate it offers a hint of almonds and a rich espresso note toward the finish. The wine ages 16 months in French oak barrels and matures for a few months in the bottle, prior to release.","oak, vanilla, tobacco, chocolate, cedar, coffee, cherry, red fruit, raspberry, red cherry, strawberry, cranberry, blackberry, plum, black fruit, black cherry, dark fruit, blueberry재시도Claude는 실수를 할 수 있습니다. 응답을 반드시 다시 확인해 주세요.",5,1,4,4,3,https://images.vivino.com/thumbs/KJZWjzMwTa6gQlLqEXrk-w_pb_x600.png,https://www.vivino.com/en/brancaia-chianti-classico-riserva/w/1279440?ref=nav-search
Tenuta CastelGiocondo Brunello di Montalcino,4.3,2018,Red wine,Sangiovese,Brunello di Montalcino,Toscana,Central Italy,Italy,Tenuta CastelGiocondo,"₩145,633 ",14.50%,"Castelgiocondo Brunello is a lively, luminous ruby -red colour with vermillion highlights. The nose offers a melange of berries, among which, blackberry dominates with floral notes of violets. Spicy black pepper and cardamom, followed by fresh notes of juniper, and toasted coffee and hazelnuts. The texture is dense withelegant tannins, full bodied. The finish is very long and warm; spicy notes are joined by equally intense fruity notes.","oak, tobacco, vanilla, chocolate, cedar, coffee, leather, earthy, mushroom, smoke, balsamic, forest floor, cherry, red fruit, raspberry, red cherry, strawberry, sour cherry",5,1,5,5,2,https://images.vivino.com/thumbs/r-gX8QN7ToCzZK-nR8hRZw_pb_x600.png,https://www.vivino.com/en/tenuta-castelgiocondo-brunello-di-montalcino/w/1098912?ref=nav-search
Antinori Villa Antinori Chianti Classico Riserva,4,2018,Red wine,Sangiovese,Chianti,Toscana,Central Italy,Italy,Sangiovese,"₩76,284 ",14.00%,"Marchesi Antinori’s passion for viticulture is expressed through perseverance: their continuous pursuit for quality improvement, even in the smallest details. Research and development is an ongoing process both in the vineyards and in the cellars: selecting new clones of local and international varieties: experimenting with new techniques in the vineyards and vineyard altitudes, new approaches to fermentation and temperature control, experimenting with both traditional and innovative winemaking philosophies, using new types of oak for barrels, barrel size and age, and varying length of aging in the bottle before commercial release.","oak, tobacco, vanilla, chocolate, cedar, clove, cherry, red fruit, raspberry, red cherry, strawberry, sour cherry, leather, earthy, smoke, mushroom, balsamic, minerals, cocoa",5,1,4,4,3,https://images.vivino.com/thumbs/XQJ1giITRNSH7MuGgslsTQ_pb_x600.png,https://www.vivino.com/en/antinori-tuscany-villa-antinori-chianti-classico-riserva/w/1143960?ref=nav-search
Scarànto Special Edition Governo All'Uso Toscano Rosso,4.1,2023,Red wine,Sangiovese,Scarànto,Toscana,Central Italy,Italy,Scarànto,"₩145,633 ",13.50%,"This wine is made using the traditional 'Governo All'Uso Toscano' method, a technique that enriches the Sangiovese grapes' character. A portion of the grapes are dried and added to the fermented wine to initiate a slow, secondary fermentation. This process results in a wine with greater complexity, a smoother texture, and more concentrated fruit flavors. It typically presents intense aromas of ripe red fruits, such as strawberry and cherry, which are beautifully integrated with notes of vanilla, chocolate, and leather from oak aging. A characteristic balsamic note on the finish adds to its depth, creating a rich and velvety Tuscan red.","red fruit, strawberry, oak, chocolate, vanilla, leather, balsamic",4,1,4,4,5,https://images.vivino.com/thumbs/B-CDZvvdQ1W-u03GNu0Icg_pb_x960.png,https://www.vivino.com/en/scaranto-special-edition-governo-all-uso-toscano-rosso/w/10588028?ref=nav-search
Castillo Perelada Empordà Grande Reserve Speciale Balduino y Fabiola,3.9,2018,Red wine,"Blend(Shiraz/Syrah, Grenache, Mourvedre, Samsó)",,mpordà,Catalunya,Spain,Castillo Perelada,"₩41,610 ",13.80%,"Intense cherry red color. Complex aroma, with hints of ripe fruit, balsamic and roasted background. The palate is broad, structured and balanced. It has very well integrated tannins and acidity gives much freshness. It is a wine with personality and a long aftertaste.","oak, vanilla, chocolate, caramel, coffee, cedar, plum, black cherry, blackberry, black fruit, blueberry, dark fruit, smoke, leather, earthy, balsamic, bacon fat, flint, graphite, minerals, tar",3,1,3,4,4,https://images.vivino.com/thumbs/ocKNqzs_SDa5-vUsOn9VpQ_pb_x600.png,https://www.vivino.com/en/castillo-perelada-emporda-grande-reserve-speciale-balduino-y-fabiola/w/1245225?ref=nav-search
Ruffino Modus Toscana,4.5,2017,Red wine,Sangiovese,,Toscana,Central Italy,Italy,Ruffino,"₩97,089 ",14.50%,"Ruby red colour. Intense and intriguing on the nose, initial aromas of mature red and black fruits, such as cherries, plums, and small black berries, typical of Sangiovese, are complemented by hints of spices, sweet tobacco, and refined balsamic notes. Full bodied with a modern Super Tuscan style, rich with silky tannins and flavors of mature blackberry fruit and cocoa. Vibrant fresh fruit flavors.","oak, tobacco, vanilla, chocolate, cedar, dark chocolate, blackberry, plum, dark fruit, black cherry, black fruit, blueberry, leather, earthy, smoke, balsamic, cocoa, mushroom",4,1,4,5,2,https://images.vivino.com/thumbs/X3gOCezaT2KjvqggZhKAFA_pb_x600.png,https://www.vivino.com/en/ruffino-modus-toscana/w/2183?ref=nav-search
Domaine Giboulot Savigny-lès-Beaune Blanc,4,2019,White wine,Chardonnay,Savigny-lès-Beaune,"Côte de Beaune, Burgundy",Burgundy,France,Domaine Giboulot,"₩100,000 ",13.00%,"A white Burgundy from the village of Savigny-lès-Beaune, known for producing elegant Chardonnay. The wine expresses notes of green apple, lemon, and white flowers, with a distinct mineral or flinty character derived from limestone-rich soils. Aging in oak adds subtle hints of vanilla and toasted nuts, leading to a complex and well-balanced wine with a crisp, lengthy finish.","apple, lemon, pear, citrus, mineral, flint, oak, vanilla, butter",5,1,1,3,3,https://images.vivino.com/thumbs/j7QhXHw7ReixaHSU5_-w7Q_pb_x600.png,https://www.vivino.com/fr/louis-jadot-domaine-gagey-savigny-les-beaune-clos-des-guettes-blanc/w/3043?ref=nav-search
Anciens Temps Blanc,3.6,2022,White wine,"White Blend (Sauvignon Blanc, Grenache Blanc)",Vin de France,France,,France,Vignerons de l'Enclave,"₩18,000 ",12.50%,"Anciens Temps is a Vin de France, allowing for the blending of grapes from different regions. This white blend is crafted to be fresh, fruity, and easy-drinking. It offers a bright aromatic profile of citrus fruits like grapefruit and lemon, along with notes of green apple and white flowers. The palate is light-bodied and crisp with a refreshing acidity, making it a pleasant wine for casual enjoyment.","citrus, grapefruit, lemon, green apple, floral, pear",3,1,1,2,4,https://images.vivino.com/thumbs/1U6Wx4BmQKyZNbG7_ai_Jg_pb_x600.png,https://www.vivino.com/fr/rapaura-springs-reserve-marlborough-sauvignon-blanc/w/2469416?ref=nav-search
Tenuta Luce Lucente,4.2,2019,Red wine,"Blend (Merlot, Sangiovese)",Toscana IGT,Toscana,Toscana,Italy,Tenuta Luce,"₩75,000 ",14.50%,"Lucente is the second wine of the renowned Super Tuscan estate, Tenuta Luce. A blend of Merlot and Sangiovese, it is crafted to be more approachable in its youth. The 2019 vintage is noted for its balance and richness, offering a bouquet of ripe blackberries, cherries, and plums, with notes of vanilla, cocoa, and sweet spices from oak aging. The palate is full-bodied and velvety with a long, fruity finish.","oak, vanilla, chocolate, blackberry, cherry, plum, raspberry, spice",4,1,4,4,3,https://images.vivino.com/thumbs/mrivmdHpRqig2KMs8Wchew_pb_x600.png,https://www.vivino.com/fr/tenuta-luce-lucente/w/83596?ref=nav-search
Rapaura Springs Reserve,4.1,2020,White wine,Sauvignon Blanc,Marlborough,South Island,Marlborough,New Zealand,Rapaura Springs,"₩40,000 ",13.00%,"The Reserve Sauvignon Blanc from Rapaura Springs showcases the quintessential character of Marlborough with greater intensity. The wine explodes from the glass with powerful aromas of passionfruit, grapefruit, and fresh herbs, with a distinctive mineral note. On the palate, it is concentrated and zesty, with a vibrant acidity that carries the intense fruit flavors to a long and mouth-watering finish.","passionfruit, grapefruit, gooseberry, tropical, grassy, citrus, mineral",5,1,1,2,5,https://images.vivino.com/thumbs/eETsl2BiT4SuYvEBMniy0Q_pb_x600.png,
Albert Bichot Gevrey-Chambertin 'La Justice',4.2,2019,Red wine,Pinot Noir,Gevrey-Chambertin,"Côte de Nuits, Burgundy",Burgundy,France,Albert Bichot,"₩180,000 ",13.00%,"From a specific single vineyard 'La Justice' in the prestigious Gevrey-Chambertin village of Burgundy, this Pinot Noir is known for its structure and power. It presents a complex bouquet of dark cherries, blackberries, and earthy, forest floor notes, with hints of licorice and spice from oak aging. The palate is full-bodied and well-structured with firm tannins, suggesting excellent aging potential.","cherry, raspberry, earthy, mushroom, forest floor, oak, spice, leather",5,1,2,4,2,https://www.idealwine.com/media/58/8f/ddcda882fc150933dfcc48cf926e.jpg,https://www.vivino.com/fr/albert-bichot-gevrey-chambertin-la-justice/w/1401142?ref=nav-search
D'Angelo Canneto,3.8,2017,Red wine,Aglianico,Basilicata IGT,Basilicata,Basilicata,Italy,D'Angelo,"₩35,000 ",13.00%,"Canneto is made from 100% Aglianico, a noble red grape from Southern Italy. This wine is known for its robust character, with aromas of black cherry, plum, and wild berries, complemented by notes of leather, tobacco, and a hint of volcanic earthiness. On the palate, it is full-bodied with firm tannins and a savory, persistent finish, making it an excellent match for hearty meat dishes.","cherry, plum, blackberry, leather, tobacco, earthy, oak, smoke",4,1,5,5,3,https://www.dangelowine.com/wp-content/uploads/2020/06/canneto-aglianico-del-vulture-dangelo-800x1200-1.png.webp,https://www.vivino.com/fr/dangelo-canneto/w/1399185?ref=nav-search
Tenuta Luce Lucente,4.2,2020,Red wine,"Blend (Merlot, Sangiovese)",Toscana IGT,Toscana,Toscana,Italy,Tenuta Luce,"₩75,000 ",14.50%,"Lucente is the second wine of the renowned Super Tuscan estate, Tenuta Luce. A blend of Merlot and Sangiovese, it is crafted to be more approachable in its youth. It offers a rich bouquet of ripe blackberries, cherries, and plums, with notes of vanilla, cocoa, and sweet spices. The palate is full-bodied and velvety, with soft, well-integrated tannins and a long, fruity finish.","oak, vanilla, chocolate, blackberry, cherry, plum, raspberry, spice",4,1,4,3,,https://images.vivino.com/thumbs/mrivmdHpRqig2KMs8Wchew_pb_x600.png,https://www.vivino.com/fr/tenuta-luce-lucente/w/83596?ref=nav-search
Pounamu Special Selection Sauvignon Blanc,4,2021,White wine,Sauvignon Blanc,Marlborough,South Island,Marlborough,New Zealand,Pounamu,"₩30,000 ",13.00%,"This is a classic Marlborough Sauvignon Blanc, a style famous worldwide. It bursts with intense and pungent aromas of passionfruit, guava, and grapefruit, along with signature notes of freshly cut grass and jalapeño. The palate is crisp and vibrant, with a zesty acidity and a long, expressive finish that is both refreshing and full of character.","passionfruit, grapefruit, guava, grassy, tropical, citrus, gooseberry",5,1,1,5,5,https://images.vivino.com/thumbs/YKUhzPwMQP6AJugzy_rPlw_pb_x600.png,https://www.vivino.com/fr/pounamu-special-selection-sauvignon-blanc/w/5264048?ref=nav-search
De Stefani Solér Rosso Veneto,4.2,2019,Red wine,"Blend (Marzemino, Refosco, Merlot, Cabernet Sauvignon)",Veneto IGT,Veneto,Veneto,Italy,De Stefani,"₩60,000 ",15.00%,"Solér is a unique red blend from Veneto, crafted using the 'appassimento' technique where grapes are partially dried. This process concentrates the flavors, resulting in a rich, full-bodied wine. It offers intense aromas of ripe cherry jam and plum, with notes of spice, chocolate, and vanilla from oak aging. The palate is powerful yet smooth, with soft tannins and a long, warm finish.","oak, vanilla, chocolate, jam, plum, cherry, blackberry, raspberry, spice",3,1,3,4,4,https://images.vivino.com/thumbs/ZzxUhIorS8y8MXS69vIPNw_pb_x600.png,https://www.vivino.com/fr/de-stefani-soler/w/1142010?ref=nav-search
La Rioja Alta Viña Alberdi Reserva,4.2,2016,Red wine,Tempranillo,Rioja,La Rioja,La Rioja,Spain,"La Rioja Alta, S.A.","₩45,000 ",13.50%,"Viña Alberdi is a classic Rioja Reserva from one of the region's most respected producers. Made from 100% Tempranillo and aged for two years in American oak, it displays a characteristic bouquet of ripe red fruits, vanilla, coconut, and sweet spice. On the palate, it is medium-bodied with a smooth texture and well-integrated tannins, embodying the elegant, traditional style of Rioja.","oak, vanilla, coconut, tobacco, leather, cherry, raspberry, strawberry, plum",4,1,4,5,4,https://images.vivino.com/thumbs/pW-Ew0hGR22i6EnId2KioQ_pb_x600.png,https://www.vivino.com/fr/la-rioja-alta-vina-alberdi-reserva/w/7976?ref=nav-search
Bodegas Juan Gil (Silver Label) Monastrell,4.2,2020,Red wine,Monastrell,Jumilla,Murcia,Murcia,Spain,Bodegas Juan Gil,"₩45,000 ",15.00%,"The 'Silver Label' from Juan Gil is made from old Monastrell vines and aged for 12 months in French oak barrels. It is a step up in complexity from the yellow label, offering intense aromas of ripe blackberries and plums, integrated with notes of toasted oak, cocoa, and coffee. The palate is powerful, full-bodied, and rich, with well-rounded tannins and a long, elegant finish.","oak, vanilla, chocolate, coffee, smoke, blackberry, plum, dark fruit, blueberry, spice",3,1,4,4,5,https://images.vivino.com/thumbs/Hj2iJFWgSbq3Dwkm_R-4TQ_pb_x600.png,https://www.vivino.com/fr/juan-gil-jumilla-silver-label/w/5282020?ref=nav-search
Kendall-Jackson Vintner's Reserve Chardonnay,3.9,2023,White wine,Chardonnay,California,California,California,United States,Kendall-Jackson,"₩40,000 ",13.50%,"One of America's most popular Chardonnays, known for its rich, buttery, and fruit-forward style. It's aged in French and American oak barrels, exhibiting lush tropical fruit flavors of pineapple and mango, alongside notes of vanilla, honey, and toasted oak. A creamy texture is balanced by a hint of acidity, leading to a smooth finish.","oak, butter, vanilla, tropical, pineapple, mango, pear, apple, honey",2,1,1,5,4,https://images.vivino.com/thumbs/20ykzlp3ToqV0sgtOzH3-A_pb_x600.png,https://www.vivino.com/fr/kendall-jackson-vintner-s-reserve-chardonnay/w/2132?ref=nav-search
Viña San Pedro Sideral,4.2,2019,Red wine,"Blend (Cabernet Sauvignon, Syrah, Carmenere, Cabernet Franc, Petit Verdot)",Valle del Cachapoal Andes,Cachapoal Valley,Rapel Valley,Chile,Viña San Pedro,"₩50,000 ",14.50%,"From the historic Vina San Pedro estate, established in 1865. This Sideral comes from their high-elevation vineyards in the Cachapoal Andes Valley. A blend of Cabernet Sauvignon, Syrah, Carmenere, Petit Verdot, and Cabernet Franc, it's packed with dark berries, notes of chocolate, cedar, cassis, and plum. Juicy and fresh on the tongue, more dark fruits weave around a core of fine-grained tannins leading into a long smooth finish.","oak, vanilla, chocolate, leather, smoke, blackberry, cassis, plum, pepper, tobacco",3,1,4,4,3,https://images.vivino.com/thumbs/8Vk-ONtiS4KIwl72pwUcow_pb_x600.png,https://www.vivino.com/fr/san-pedro-central-valley-sideral-cachapoal-red-wine-v-khzas/w/1108063?ref=nav-search
Tenuta San Guido Guidalberto,4.3,2022,Red wine,"Blend (Cabernet Sauvignon, Merlot)",Toscana IGT,Toscana,Toscana,Italy,Tenuta San Guido,"₩80,000 ",14.00%,"As the second wine of the iconic 'Sassicaia', Guidalberto is a blend of Cabernet Sauvignon and Merlot. First produced in 2000, it is designed to be enjoyed earlier than its famous sibling. The wine showcases vibrant fruit and elegant structure, reflecting the unique terroir of Bolgheri. Aromas of cherry, blueberry, earth, and tobacco with hints of violets. Full-bodied with a smooth texture and great length.","oak, vanilla, chocolate, tobacco, earthy, blackberry, plum, cherry, cassis, blackcurrant",4,1,4,3,2,https://images.vivino.com/thumbs/9_sZulUKTtqFOpTdIz-IRg_pb_x600.png,https://www.vivino.com/fr/tenuta-san-guido-guidalberto/w/5080?ref=nav-search
Sterling Vineyards Vintner's Collection Merlot,3.7,2018,Red wine,Merlot,California,California,California,United States,Sterling Vineyards,"₩25,000 ",13.50%,"The Sterling Vintner's Collection Merlot boasts vivid aromas of fresh mixed-berry jam, red cherry, milk chocolate, and baked spice. The wine is round and with good weight and generous flavors of blackberry bramble, sweet toasted oak, and mocha. The wine is full-bodied with great concentration, silky tannins, and a lengthy finish.","oak, vanilla, chocolate, blackberry, plum, cherry, raspberry, mocha",2,1,3,3,4,https://images.vivino.com/thumbs/c3dhdDMDQ_CtO1mSxlWaIA_pb_x600.png,https://www.vivino.com/fr/sterling-vineyards-vintner-s-collection-merlot/w/1135249?ref=nav-search
Bodegas Salentein Barrel Selection Chardonnay,3.9,2022,White wine,Chardonnay,Uco Valley,Mendoza,Mendoza,Argentina,Bodegas Salentein,"₩35,000 ",13.50%,"The Salentein Barrel Selection Chardonnay is a pure varietal Chardonnay matured for 6 months in oak casks. It offers a wonderfully rich bouquet with aromas of pears, apples, cloves, and tropical fruit like honeydew melon. On the palate, the wine is soft and full-bodied, with a lovely melt. The subtle hints of tropical fruit are underpinned by discreet notes of oak, balanced by a lovely acidity.","oak, butter, vanilla, tropical, pineapple, pear, apple, citrus, honey",4,1,1,4,4,https://images.vivino.com/thumbs/fAKFQqBvR6KrFUNrzFi7Mg_pb_x600.png,https://www.vivino.com/fr/salentein-reserve-chardonnay-barrel-selection/w/1125261?ref=nav-search
VIK Milla Cala Red Blend,4.3,2018,Red wine,"Blend (Cabernet Sauvignon, Carmenere, Cabernet Franc, Merlot, Syrah)",Cachapoal Valley,Rapel Valley,Rapel Valley,Chile,VIK,"₩70,000 ",14.60%,"Milla Cala is the second wine of the prestigious VIK winery in Chile. It is a Bordeaux-style blend that reflects the unique terroir of Millahue, the 'Place of Gold'. The wine is aged in French oak barrels, which contributes to its complexity and structure. It offers a rich palate of red and black fruits, such as raspberry and plum, complemented by notes of spice, tobacco, and chocolate with elegant, firm tannins.","oak, chocolate, tobacco, vanilla, leather, plum, blackberry, raspberry, cherry, cassis",4,1,4,5,2,https://images.vivino.com/thumbs/3uoTXRh9Ttygan2XfE4gsQ_pb_x600.png,https://www.vivino.com/fr/vina-vik-winery-milla-cala/w/4669239?ref=nav-search
Stag's Leap Wine Cellars Artemis Cabernet Sauvignon,4.4,2019,Red wine,Cabernet Sauvignon,Napa Valley,California,California,United States,Stag's Leap Wine Cellars,"₩170,000 ",14.50%,"Named after the Greek goddess of the hunt, Artemis is a classic Napa Valley Cabernet Sauvignon from one of its most renowned producers. It is known for its inviting aromas of ripe raspberry, dark cherry, and blackberry, layered with hints of cedar, spice, and vanilla. On the palate, it is full-bodied and expressive with a rich texture, supple tannins, and a long, lingering finish.","oak, vanilla, chocolate, tobacco, leather, blackberry, cassis, plum, cherry, dark fruit",3,1,5,5,2,https://images.vivino.com/thumbs/MhiwIbE4TmSLMfjD-EKYjg_pb_x600.png,https://www.vivino.com/fr/stag-s-leap-wine-cellars-artemis-cabernet-sauvignon/w/1107336?ref=nav-search
Pazo Cilleiro Albariño,4,2024,White wine,Albariño,Rías Baixas,Galicia,Galicia,Spain,Pazo Cilleiro,"₩35,000 ",13.00%,"Pazo Cilleiro is an Albariño from the Rías Baixas region in northwestern Spain, an area renowned for this grape. This wine is celebrated for its freshness and aromatic intensity. It displays vibrant citrus notes of grapefruit and lime, along with stone fruit like apricot and a distinct saline or mineral character. The palate is crisp and dry, with a zesty acidity that makes it incredibly refreshing.","citrus, grapefruit, lime, green apple, stone fruit, apricot, mineral, saline",5,1,1,2,5,https://images.vivino.com/thumbs/3wo3M9nBTQaNSEy01q62bA_pb_x600.png,https://www.vivino.com/fr/bodegas-pazo-cilleiro-albarino/w/3634498?ref=nav-search
Bodegas Juan Gil (Yellow Label) Monastrell,4.1,2023,Red wine,Monastrell,Jumilla,Murcia,Murcia,Spain,Bodegas Juan Gil,"₩30,000 ",15.00%,"This wine is made from 100% Monastrell grapes from old vines in the Jumilla region of Spain. Aged for 4 months in French oak, it is known for its deep color and powerful aromas. It offers an intense bouquet of ripe blackberry, blueberry, and plum, with toasted notes of coffee, cocoa, and spice from the oak. The palate is rich, full-bodied, and well-structured with a long, savory finish.","oak, vanilla, chocolate, smoke, blackberry, plum, dark fruit, blueberry, cherry, pepper",3,1,4,4,5,https://images.vivino.com/thumbs/V8PyRnKuROmcpxJBUuzmDQ_pb_x600.png,https://www.vivino.com/fr/juan-gil-jumilla-yellow-label/w/1134571?ref=nav-search
Marchesi Antinori Tenuta Tignanello Chianti Classico Riserva,4.3,2020,Red wine,Sangiovese,Chianti Classico,Toscana,Toscana,Italy,Marchesi Antinori,"₩85,000 ",14.00%,"Produced by the historic Antinori family at their Tignanello estate, this Chianti Classico Riserva is predominantly Sangiovese. Aged in oak barrels, it's a wine of great elegance and complexity, showing intense aromas of red fruits like cherry and raspberry, along with notes of licorice, vanilla, and spice. The palate is full-bodied and supple with velvety tannins and a long, savory finish.","oak, vanilla, tobacco, leather, cherry, raspberry, plum, earthy, strawberry",5,1,4,4,2,https://images.vivino.com/thumbs/SeGbLh20S5W7N0WcIqBywQ_pb_x600.png,https://www.vivino.com/fr/antinori-tuscany-tenuta-tignanello-marchese-antinori-chianti-classico-riserva/w/1654?ref=nav-search
Feudo Arancio Dalila Riserva,4,2021,White wine,"Blend (Grillo, Viognier)",Sicilia DOC,Sicily,Sicily,Italy,Feudo Arancio,"₩35,000 ",13.50%,"Dalila is an intriguing white blend from Sicily, combining the native Grillo grape with aromatic Viognier. A portion of the wine is fermented in oak barrels, adding complexity. It presents a bouquet of ripe tropical fruits, peach, and apricot, with hints of vanilla and wildflowers. The palate is rich and full-bodied yet balanced by a refreshing acidity, leading to a persistent and aromatic finish.","oak, vanilla, butter, tropical, pineapple, mango, peach, apricot, citrus",3,1,1,3,5,https://images.vivino.com/thumbs/RWiGDh50RyqHBmoa-FuKaQ_pb_x600.png,https://www.vivino.com/fr/feudo-arancio-dalila-riserva/w/1191231?ref=nav-search
Viña Vistamar Reserva Merlot,3.6,2019,Red wine,Merlot,Maule Valley,Central Valley,Maule Valley,Chile,Viña Vistamar,"₩20,000 ",13.50%,"This Merlot Reserva from Chile's Maule Valley is known for being soft, fruity, and approachable. It is aged for a short period in oak to add subtle complexity. The wine displays aromas of ripe red fruits like plums and cherries, mixed with notes of black pepper, chocolate, and a hint of vanilla. On the palate, it is medium-bodied with soft, rounded tannins and a pleasant, fruity finish.","oak, vanilla, chocolate, plum, cherry, blackberry, raspberry, pepper",2,1,3,3,4,https://images.vivino.com/thumbs/srr2vi-mRxSHzNAxdwxBkA_pb_x600.png,https://www.vivino.com/fr/vina-palo-alto-reserva-ii-merlot-shiraz-tempranillo-viognier/w/1231378?ref=nav-search
Redtree Chardonnay,3.5,2019,White wine,Chardonnay,California,California,California,United States,Redtree Wines,"₩18,000 ",13.50%,"Redtree Chardonnay is a fruit-forward, crowd-pleasing wine from California. It aims for a clean and refreshing style, opening with aromas of green apple, pear, and citrus, with a touch of tropical fruit and vanilla. The palate is bright and crisp, with a medium body and a smooth finish, making it a versatile wine for pairing with a variety of dishes or enjoying on its own.","apple, pear, citrus, tropical, pineapple, vanilla, butter",3,1,1,2,4,https://images.vivino.com/thumbs/gNtszOX3SPaVb3FByyyzQA_pb_x600.png,https://www.vivino.com/fr/redtree-chardonnay/w/13490?ref=nav-search
Château Tour d'Auron,3.6,2020,Red wine,"Blend (Merlot, Cabernet Sauvignon)",Bordeaux,Bordeaux,Bordeaux,France,Château Tour d'Auron,"₩20,000 ",13.50%,"Château Tour d'Auron is a classic Bordeaux red from the Entre-Deux-Mers region. It typically presents a blend of Merlot and Cabernet Sauvignon, offering straightforward and approachable fruit flavors. Expect aromas of red fruits like cherry and plum with some earthy and spicy undertones. On the palate, it is medium-bodied with smooth tannins, making it an easy-drinking wine suitable for everyday meals.","cherry, plum, earthy, blackberry, cassis, oak, tobacco",3,1,3,3,4,https://images.vivino.com/thumbs/iY6G7FIlSa6MXfKhDoue6Q_pb_x600.png,https://www.vivino.com/fr/tour-d-auron-bordeaux-superieur/w/1193573?ref=nav-search
Château Valandraud 'Symphony No. 3 Eroica',4.5,2012,Red wine,"Blend (Sauvignon Blanc, Sémillon, Sauvignon Gris)",Saint-Émilion Grand Cru,Bordeaux,Bordeaux,France,Château Valandraud,"₩350,000 ",14.50%,"A special bottling from one of Saint-Émilion's most famous ""garage wine"" producers. The 2012 vintage is characterized by its opulence and concentration, revealing complex aromas of black cherries, truffle, licorice, and smoke, with hints of chocolate and espresso. The palate is full-bodied, dense, and layered, with ripe, velvety tannins and a remarkably long finish. This edition celebrated Beethoven's 250th anniversary.","oak, vanilla, chocolate, tobacco, leather, truffle, blackberry, cherry, plum, cassis",3,1,5,5,1,https://cfnimage.commutil.kr/phpwas/restmb_allidxmake.php?pp=002&idx=3&simg=202005071013290307699ebb0383812323473.jpg&nmt=18,https://www.vivino.com/fr/chateau-valandraud-symphony-eroica-no-3-saint-emilion-grand-cru/w/8707174?ref=nav-search
Domaine Octavie Touraine Sauvignon Blanc,3.8,2021,White wine,Sauvignon Blanc,Touraine,Loire Valley,Loire,France,Domaine Octavie,"₩30,000 ",12.50%,"This is a classic Sauvignon Blanc from the Touraine appellation in France's Loire Valley. The wine bursts with vibrant notes of gooseberry, grapefruit, and fresh-cut grass, with a distinct flinty mineral character. On the palate, it is light-bodied, crisp, and dry, with a zesty acidity and a clean, refreshing finish, making it a quintessential example of the grape from its homeland.","grapefruit, gooseberry, citrus, green apple, grassy, mineral, flint",5,1,1,2,5,https://images.vivino.com/thumbs/NTqSOMKlRsmmM31tyoD8rQ_pb_x600.png,https://www.vivino.com/fr/roc-de-chateauvieux-sauvignon-blanc-touraine/w/1144601?ref=nav-search
Casa Marin Cipreses Vineyard Sauvignon Blanc,4.3,2022,White wine,Sauvignon Blanc,San Antonio Valley,Aconcagua,Aconcagua,Chile,Casa Marin,"₩50,000 ",13.50%,"From the cool-climate, coastal San Antonio Valley in Chile, this is one of the country's benchmark white wines. It is intensely aromatic, showcasing pungent notes of green bell pepper and citrus zest, combined with a saline, stony minerality. The palate is bone-dry and electric, with a sharp, piercing acidity and a long, savory finish. (Note: Vintage not fully visible, 2022 used as a recent example).","grapefruit, gooseberry, citrus, lime, bell pepper, grassy, mineral, saline",5,1,1,3,4,https://images.vivino.com/thumbs/HlLvJFBIS_OjAHD0KnqV1A_pb_x600.png,https://www.vivino.com/fr/casa-marin-cipreses-vineyard-sauvignon-blanc/w/1147982?ref=nav-search
Louis Jadot Bourgogne,3.8,2019,Red wine,Pinot Noir,Bourgogne,Burgundy,Burgundy,France,Louis Jadot,"₩45,000 ",13.00%,"A benchmark for the category, this Pinot Noir is sourced from various vineyards across Burgundy. It is aged in French oak barrels, which adds a subtle spice note. The wine exhibits classic Burgundy aromas of fresh red fruits like cherry and raspberry, with earthy undertones and a hint of spice. It's medium-bodied with silky tannins and a fresh, elegant finish, representing great value and typicity.","cherry, raspberry, earthy, cranberry, strawberry, oak, spice",4,1,2,2,3,https://images.vivino.com/thumbs/YtGIp7cLSRSUpucZV4RMuw_pb_x600.png,https://www.vivino.com/fr/louis-jadot-bourgogne-pinot-noir/w/1135000?ref=nav-search
Louis Latour Bourgogne,3.7,2020,Red wine,Pinot Noir,Bourgogne,Burgundy,Burgundy,France,Louis Latour,"₩40,000 ",13.00%,"From another iconic Burgundy producer, this wine is known for its consistent quality. It is fermented in stainless steel and aged in oak barrels. The wine displays a bouquet of bright red fruits, such as cherry and redcurrant, complemented by earthy notes and a touch of black pepper. The palate is light to medium-bodied with supple tannins and a crisp, refreshing finish.","cherry, raspberry, redcurrant, earthy, pepper, spice",4,1,2,2,3,https://images.vivino.com/thumbs/OlQRfPzBR0qG0VlCym74FA_pb_x600.png,https://www.vivino.com/fr/louis-latour-bourgogne-pinot-noir/w/7343?ref=nav-search
Ménage à Trois Bourbon Barrel Aged,4,2021,Red wine,Cabernet Sauvignon,California,California,California,United States,Ménage à Trois,"₩30,000 ",14.50%,"This Californian Cabernet Sauvignon is aged for three months in Bourbon barrels, which imparts unique and bold flavors. The result is a wine with intense aromas of ripe blackberry, dark cherry, and vanilla, layered with notes of caramel, toasted oak, and a hint of smokiness from the bourbon barrels. It is full-bodied and rich on the palate with a smooth, lingering finish.","oak, vanilla, chocolate, caramel, smoke, blackberry, dark fruit, cherry",2,1,4,5,5,https://images.vivino.com/thumbs/23gQFho2SbO267Ze_I9e5g_pb_x600.png,https://www.vivino.com/fr/menage-a-trois-bourbon-barrel-cabernet-sauvignon/w/7300825?ref=nav-search
Thörle Saulheim Spätburgunder Kalkstein,4.1,2022,Red wine,Spätburgunder (Pinot Noir),Rheinhessen,Rheinhessen,Rheinhessen,Germany,Thörle,"₩60,000 ",13.00%,"Spätburgunder is the German name for Pinot Noir, and this example comes from the limestone (Kalkstein) soils of Rheinhessen. This terroir imparts a distinct minerality to the wine. It offers elegant aromas of sour cherry, raspberry, and wild strawberry, with subtle notes of spice and earth. The palate is light-bodied and precise, with a fine tannic structure, vibrant acidity, and a long, mineral-driven finish.","cherry, raspberry, strawberry, earthy, mineral, spice, cranberry",5,1,2,3,4,https://images.vivino.com/thumbs/90qyj-kwTUi7qLyIMJqJtg_pb_x600.png,https://www.vivino.com/fr/thorle-saulheimer-spatburgunder-kalkstein/w/1140901?ref=nav-search
"Ménage à Trois 
Bourbon Barrel Cabernet Sauvignon",4,2022,Red wine,Cabernet Sauvignon,,,California,United States,Ménage à Trois,"₩35,000 ",14.50%,"This Californian Cabernet Sauvignon is aged for at least three months in Bourbon barrels, a technique that imparts unique and bold flavors. The wine is full-bodied and rich, bursting with aromas of ripe blackberry, dark cherry, and plum. These fruit notes are layered with distinct hints of caramel, vanilla, and toasted, smoky oak derived from the bourbon barrel aging, leading to a smooth and robust finish.","oak, vanilla, caramel, blackberry, blueberry, smoke, leather, cherrry, pepper, brown sugar, cream",2,1,4,5,5,https://images.vivino.com/thumbs/23gQFho2SbO267Ze_I9e5g_pb_x960.png,https://www.vivino.com/en/menage-a-trois-bourbon-barrel-cabernet-sauvignon/w/7300825?year=2022
"Félix Solís 
The Guv’nor",4.1,N.V.,Red wine,Tempranillo,,Valdepeñas,Castilla,Spain,Félix Solís,"₩15,000 ",13.50%,"Enjoy this fruity red, revel in the smooth oaky vanilla and be satisfied by the rich aromas.","vanilla, oak, chocolate, blackberry, plum, blackcurrant, dark fruit, cherry, red fruit, strawberry, leather, pepper, cheese, citrus",2,1,2,4,5,https://images.vivino.com/thumbs/YtEIDYyoRJ2x9-iT8wS6OQ_pb_x960.png,https://www.vivino.com/en/felix-solis-the-guv-nor-valdepenas/w/5445838
"Casa Rojo 
Las Viñas Bastardas",4,2021,Red wine,"Blend(Shiraz/Syrah, Monastrell, Garnacha)",,,Murcia,Spain,Casa Rojo,"₩35,000 ",14.00%,"From the innovative Spanish producer Casa Rojo, this is a creative and modern red blend. Crafted from Syrah, Monastrell, and Grenache grown in southeastern Spain, the wine is powerful and expressive. It offers intense aromas of ripe black fruits like blackberry and plum, with notes of raspberry, black pepper, and licorice. The palate is full-bodied and well-structured with ripe tannins and a long, spicy finish.","bluberry, blackberry, oak, vanilla, strawberry, leather, pepper",4,1,4,4,4,https://images.vivino.com/thumbs/OpcsjGHRS_mhw7nY7ghxJg_pb_x960.png,https://www.vivino.com/en/casa-rojo-las-vinas-bastardas/w/7803840?year=2021
"Yellow Tail 
Shiraz",3.5,2024,Red wine,Shiraz/Syrah,,,South Eastern Australia,Australia,Yellow Tail,"₩17,000 ",13.50%,Shiraz is created with a simple philosophy in mind - to make a great wine that everyone can enjoy anytime in any place. Enjoy this wine with a bunch of friends and a hearty BBQ steak.,"vanilla, oak, chocolate, plum, blackberry, dark fruit, jam, blackcurrant, cherry, red fruit, raspberry, strawberry, pepper, licorice, smoke, leather, cheese",2,1,2,3,4,https://images.vivino.com/thumbs/WwLXNj2TSJKEgcbtmVDyZw_pb_x960.png,https://www.vivino.com/en/yellow-tail-shiraz/w/2547?year=2024
"Grant Burge Wines 
Barossa Ink Shiraz",3.9,2023,Red wine,Shiraz/Syrah,Barossa Valley,Barossa,South Australia,Australia,Grant Burge Wines,"₩19,000 ",14.50%,"Deep purple, with a blue / purple hue. Rich aromas of plums, raspberries, dark chocolate and blueberry jam with underlying mint and cinnamon. The dense, rich, full bodied wine has a sensual palate offering plenty of texture, fine velvet tannins and soft, round dark fruit flavours, complimented by dark chocolate ice.","plum, blackberry, dark fruit, blackcurrant, chocolate, vanilla, oak, cherry, raspberry, pepper, leather",2,1,4,5,5,https://images.vivino.com/thumbs/gAFVPJ5DS4uQ1MoHnvZm3Q_pb_x960.png,https://www.vivino.com/en/grant-burge-wines-barossa-ink-shiraz/w/5310954?year=2023